House_ID,Text_Style,Description
7129300520,Objective,"This modest residence, built in 1955 and located in the 98178 area, offers 3 bedrooms and 1 bathroom across 1,180 square feet of living space. Its single-level design and practical layout make it an ideal choice for first-time buyers."
6414100192,Objective,"This updated home in the 98125 area, originally built in 1951 and renovated in 1991, features 3 bedrooms and 2.25 bathrooms within a spacious 2,570 square feet. Its two-story design and modern updates cater well to families seeking comfort and style."
5631500400,Objective,"Located in the 98028 area, this compact property was built in 1933 and offers 2 bedrooms and 1 bathroom over 770 square feet. Its efficient layout provides a practical solution for small households or first-time buyers."
2487200875,Objective,"Situated in the 98136 area and built in 1965, this home provides 4 bedrooms and 3 bathrooms across 1,960 square feet. It combines classic design with modern comforts, making it well-suited for families."
1954400510,Objective,"This well-maintained residence in the 98074 area, constructed in 1987, offers 3 bedrooms and 2 bathrooms within 1,680 square feet of living space. Its balanced layout and modern amenities ensure comfortable living."
7237550310,Emotional,"Experience luxury in this stunning home located in the 98053 area. Built in 2001, this expansive residence boasts 4 bedrooms and 4.5 bathrooms over 5,420 square feet, showcasing exquisite design details and lavish living spaces that elevate modern living."
1321400060,Objective,"This comfortable home in the 98003 area, built in 1995, features 3 bedrooms and 2.25 bathrooms across 1,715 square feet. Its efficient design and abundant natural light make it an excellent choice for a cozy family lifestyle."
2008000270,Objective,"Situated in the 98198 area, this practical property built in 1963 offers 3 bedrooms and 1.5 bathrooms over 1,060 square feet. Its compact and efficient layout is ideal for small families or budget-conscious buyers."
2414600126,Objective,"Located in the 98146 area and built in 1960, this home features 3 bedrooms and 1 bathroom across 1,780 square feet. Its spacious design and sensible layout provide generous living space for comfortable daily living."
3793500160,Objective,"This contemporary residence in the 98038 area, built in 2003, offers 3 bedrooms and 2.5 bathrooms over 1,890 square feet. Its modern design and functional layout suit families in search of updated amenities."
1736800520,Emotional,"Indulge in the charm of this elegant home in the 98007 area. Built in 1965, this residence offers 3 spacious bedrooms and 2.5 luxurious bathrooms within 3,560 square feet, exuding timeless character combined with modern comfort."
9212900260,Objective,"This quaint home in the 98115 area, constructed in 1942, provides 2 bedrooms and 1 bathroom over 1,160 square feet. Its classic design and manageable space offer a comfortable living environment for those who appreciate simplicity."
0114101516,Objective,"This vintage property in the 98028 area, dating back to 1927, offers 3 bedrooms and 1 bathroom across 1,430 square feet. Its unique one-and-a-half-story design and historical character make it a distinctive choice for enthusiasts of classic architecture."
6054650070,Objective,"Located in the 98074 area and built in 1977, this solid home provides 3 bedrooms and 1.75 bathrooms over 1,370 square feet. Its practical layout and steady upkeep make it an appealing option for those seeking reliability."
1175000570,Objective,"Situated in the 98107 area, this expansive home, built in 1900, boasts 5 bedrooms and 2 bathrooms over 1,810 square feet. Its generous room count and spacious design are perfect for larger families in need of ample space."
9297300055,Emotional,"Step into elegance with this remarkable residence in the 98126 area. Built in 1979, this home offers 4 well-appointed bedrooms and 3 bathrooms across 2,950 square feet, where refined details and an inviting ambiance create a truly luxurious living experience."
1875500060,Objective,"This well-situated property in the 98019 area, built in 1994, features 3 bedrooms and 2 bathrooms within 1,890 square feet of thoughtfully designed living space. Its balanced layout ensures both practicality and comfort."
6865200140,Objective,"Located in the 98103 area, this charming home built in 1916 provides 4 bedrooms and 1 bathroom over 1,600 square feet. Its historic character and straightforward design present a unique opportunity for those seeking vintage appeal."
0016000397,Objective,"This modest residence in the 98002 area, constructed in 1921, offers 2 bedrooms and 1 bathroom across 1,200 square feet. Its simple design and enduring structure make it an ideal option for buyers with a tight budget."
7983200060,Objective,"Situated in the 98003 area and built in 1969, this compact home features 3 bedrooms and 1 bathroom within 1,250 square feet. Its efficient layout and practical design cater well to small families or individuals."
6300500875,Objective,"This classic home in the 98133 area, built in 1947, offers 4 bedrooms and 1.75 bathrooms over 1,620 square feet. Its timeless design and balanced proportions make it a dependable choice for those seeking traditional charm."
2524049179,Emotional,"Experience unparalleled luxury in this magnificent residence in the 98040 area. Built in 1968, this exceptional property features 3 bedrooms and 2.75 bathrooms across 3,050 square feet, offering a blend of sophistication and comfort that redefines upscale living."
7137970340,Objective,"This inviting home in the 98092 area, constructed in 1995, boasts 5 bedrooms and 2.5 bathrooms within 2,270 square feet. Its spacious layout and family-friendly design make it an excellent choice for larger households."
8091400200,Objective,"Located in the 98030 area and built in 1985, this efficiently designed home offers 2 bedrooms and 1.5 bathrooms over 1,070 square feet. Its compact, practical layout suits first-time buyers or those seeking low-maintenance living."
3814700200,Objective,"This well-proportioned home in the 98030 area, built in 1985, features 3 bedrooms and 2.25 bathrooms across 2,450 square feet. Its thoughtful design and ample space provide a comfortable environment for modern living."
1202000200,Objective,"This charming home in the 98002 area, dating back to 1941, offers 3 bedrooms and 2 bathrooms over 1,710 square feet. Its vintage appeal and functional layout make it a delightful option for those who appreciate historic character."
1794500383,Emotional,"Immerse yourself in classic elegance with this striking property in the 98119 area. Built in 1915, this refined home features 3 bedrooms and 1.75 bathrooms across 2,450 square feet, where timeless design meets modern sophistication in every detail."
3303700376,Emotional,"Step into a world of vintage charm with this delightful home located in the 98112 area. Constructed in 1909, the residence offers 3 bedrooms and 1 bathroom within 1,400 square feet, exuding warmth and character that evoke a sense of nostalgia."
5101402488,Objective,"This attractive property in the 98115 area, built in 1948, offers 3 bedrooms and 1.75 bathrooms over 1,520 square feet. Its balanced design and comfortable living spaces make it a practical home for families."
1873100390,Emotional,"Discover modern luxury in this impressive home located in the 98052 area. Built in 2005, this property boasts 4 bedrooms and 2.5 bathrooms across 2,570 square feet, offering sophisticated design and premium finishes that create an exceptional living experience."
